symbol,atomic_number,topogivity,atomic_radius,atomic_volume,boiling_point,density,dipole_polarizability,electron_affinity,valance_main,evaporation_heat,fusion_heat,group_id,lattice_constant,period,series_id,specific_heat,thermal_conductivity,vdw_radius,covalent_radius_pyykko,en_pauling,en_allen,heat_of_formation,c6,en_ghosh,c6_gb,atomic_weight,mendeleev_number,dipole_polarizability_unc,pettifor_number,glawe_number,column,atomic_masses,valence_d,valence_s,unfilled_f,valence_p,unfilled_d,valence_f,unfilled,T_boil,cohesive_energy,polarizability,electron_binding_energy,ionization_energy,en,lambda,ar,Tc,mag,ve,mp
H,1,0,79,14.1,20.28,0.0708,4.50711,0.754195,1,0.904,0.117,1,3.75,1,1,,0.1815,110,32,2.2,13.61,217.998,6.499026705,0.2638,6.51,1.008,105,3.00E-05,103,103,1,1.008,0,1,0,0,0,0,1,20.13,,0.666793,13.6,13.5984,2.2,,37,,1,1,14.01
He,2,0,,31.8,4.216,0.147,1.38375,-19.7,2,0.08,,18,3.57,1,2,5.188,0.152,140,46,,24.59,,1.42,0.442712,1.47,4.002602,112,2.00E-05,1,1,18,4.0026,0,2,0,0,0,0,0,4.07,,0.2050522,24.6,24.5873,,,32,,0,2,
Li,3,0.49,155,13.1,1118.15,0.534,164.1125,0.618049,1,148,2.89,1,3.49,2,3,3.489,84.8,182,133,0.98,5.392,159.3,1392,0.105093,1410,6.94,1,0.0005,12,12,1,6.94,0,1,0,0,0,0,1,1615,1.63,24.335,54.7,0.98,0.98,0.363,134,0.0004,1,1,453.69
Be,4,0.915,112,5,3243,1.848,37.74,-2.4,2,309,12.21,2,2.29,2,4,1.824,201,153,102,1.57,9.323,324,227,0.144986,214,9.0121831,75,0.03,77,77,2,9.01218,0,2,0,0,0,0,0,2743,3.32,5.6,111.5,9.3227,1.57,0.034,90,0.026,0,2,1560
B,5,0.889,98,4.6,3931,2.34,20.5,0.279723,3,504.5,23.6,13,8.73,2,5,1.025,27.4,192,85,2.04,12.13,565,99.5,0.184886,99.2,10.81,81,0.1,86,86,13,10.81,0,2,0,1,0,0,5,4273,5.81,3.03,188,8.298,2.04,,82,,1,3,2348
C,6,-0.277,91,5.3,5100,2.25,11.3,1.262119,4,,,14,3.57,2,1,0.711,1.59,170,75,2.55,15.05,716.87,46.6,0.224776,47.9,12.011,87,0.2,95,87,14,12.011,0,2,0,2,0,0,4,4300,7.37,1.67,284.2,11.2603,2.55,0.27,77,,2,4,3823
N,7,-2.873,92,17.3,77.4,0.808,7.4,-1.4,5,,,15,4.039,2,1,,0.026,155,71,3.04,18.13,472.44,24.2,0.26493,25.7,14.007,93,0.2,100,88,15,14.007,0,2,0,3,0,0,3,77.21,4.92,1.1,37.3,14.5341,3.04,,75,,3,5,63.05
O,8,-3.368,,14,90.19,1.149,5.3,1.4611135,6,,,16,6.83,2,1,,0.027,152,63,3.44,21.36,249.229,15.6,0.304575,16.7,15.999,99,0.2,101,97,16,15.999,0,2,0,4,0,0,2,90.1,2.6,0.802,41.6,13.618,3.44,,73,,2,6,54.8
F,9,-2.061,,17.1,85.01,1.108,3.74,3.4011897,7,6.54,0.51,17,,2,6,,0.028,147,64,3.98,24.8,79.335,9.52,0.344443,10.2,18.99840316,106,0.08,102,102,17,18.9984,0,2,0,5,0,0,1,84.88,0.84,0.557,696.7,8.5,3.98,,71,,1,7,53.5
Ne,10,0,,16.8,27.1,1.204,2.6611,,8,1.74,,18,4.43,2,2,1.029,,154,67,,28.31,,6.2,0.38439,6.91,20.1797,113,3.00E-05,2,2,18,20.1797,0,2,0,6,0,0,0,26.92,0.02,0.39432,21.6,21.5645,,,69,,0,8,24.56
Na,11,-0.187,190,23.7,1156.1,0.971,162.7,0.547926,1,97.9,2.64,1,4.23,3,3,1.222,142,227,155,0.93,5.14,107.5,1518,0.093214,1570,22.98976928,2,0.5,11,11,1,22.98977,0,1,0,0,0,0,1,1156,1.11,24.11,30.8,0.93,0.93,0.033,154,,1,1,370.87
Mg,12,0.884,160,14,1363,1.738,71.2,,2,131.8,9.2,2,3.21,3,4,1.025,156,173,139,1.31,7.646,147.1,626,0.121644,629,24.305,76,0.4,73,73,2,24.305,0,2,0,0,0,0,0,1363,1.51,10.76666667,49.5,7.6462,1.31,0.036,130,,0,2,923
Al,13,1.002,143,10,2740,2.6989,57.8,0.43283,3,284.1,10.75,13,4.05,3,7,0.9,237,184,126,1.61,9.539,330.9,528,0.150078,520,26.9815385,82,1,80,78,13,26.98154,0,2,0,1,0,0,5,2792,3.39,6.8,72.5,5.9857,1.61,0.135,118,1.14,1,3,933.47
Si,14,0.721,132,12.1,2628,2.33,37.3,1.3895211,4,383,50.6,14,5.43,3,5,0.703,149,210,116,1.9,11.33,450,305,0.178503,308,28.085,88,0.7,85,85,14,28.085,0,2,0,2,0,0,4,3173,4.63,5.53,99.4,1.9,1.9,0.254,111,7,2,4,1687
P,15,-2.49,128,17,553,1.82,25,0.746607,5,49.8,2.51,15,7.17,3,1,0.757,,180,111,2.19,13.33,316.5,185,0.206931,187,30.973762,94,1,90,89,15,30.97376,0,2,0,3,0,0,3,553.5,3.43,3.63,135,10.4866,2.19,1.723,106,5,3,5,317.3
S,16,-3.072,127,15.5,717.824,2.07,19.4,2.07710403,6,10.5,1.23,16,10.47,3,1,0.732,0.27,180,103,2.58,15.31,277.17,134,0.23596,140,32.06,100,0.1,94,96,16,32.06,0,2,0,4,0,0,2,717.72,2.85,2.9,162.5,2.58,2.58,,102,,2,6,388.36
Cl,17,-2.11,,18.7,238.6,1.56,14.6,3.612725,7,20.41,6.41,17,6.24,3,6,,0.009,175,99,3.16,16.97,121.302,94.6,0.263803,97.1,35.45,107,0.1,99,101,17,35.45,0,2,0,5,0,0,1,238.96,1.4,2.18,200,12.9676,3.16,,99,,1,7,171.6
Ar,18,0,,24.2,87.3,1.4,11.083,-11.5,8,6.52,,18,5.26,3,2,0.138,0.0177,188,96,,19.17,,64.2,0.2922,67.4,39.948,114,0.007,3,3,18,39.948,0,2,0,6,0,0,0,87.2,0.08,1.6411,15.7,15.759,,,97,,0,8,83.8
K,19,-1.022,235,45.3,1047,0.856,289.7,0.50147,1,2.33,102.5,1,5.23,4,3,0.753,79,275,196,0.82,4.34,89,3923,0.0981896,3910,39.0983,3,0.3,10,10,1,39.0983,0,1,0,0,0,0,1,1032,0.93,43.23,18.3,4.3406,0.82,0.04,196,,1,1,336.53
Ca,20,0.991,197,29.9,1757,1.55,160.8,0.02455,2,153.6,9.2,2,5.58,4,4,0.653,,231,171,1,6.113,177.8,2163,0.1154119,2230,40.078,7,4,16,16,2,40.078,0,2,0,0,0,0,0,1757,1.842,25.73333333,25.4,6.1131,1,0.128,174,,0,2,1115
Sc,21,2.332,162,15,3104,2.99,97,0.188,2,332.7,15.8,3,3.31,4,8,0.556,15.8,215,148,1.36,7.042,377.8,1383,0.1193833,1570,44.955908,11,10,20,48,3,44.95591,1,2,0,0,9,0,9,3103,3.9,17.8,28.3,1.36,1.36,0.639,144,,1,3,1814
Ti,22,4.915,147,10.6,3560,4.54,100,0.079,2,422.6,18.8,4,2.95,4,8,0.523,21.9,211,136,1.54,8.17,473,1044,0.1233637,1200,47.867,43,10,51,51,4,47.867,2,2,0,0,8,0,8,3560,4.85,14.6,32.6,1.54,1.54,0.645,136,0.39,2,4,1941
V,23,0,134,8.35,3650,6.11,87,0.525,2,460,17.5,5,3.02,4,8,0.485,30.7,207,134,1.63,9.063,515.5,832,0.1273344,955,50.9415,47,10,54,54,5,50.9415,3,2,0,0,7,0,7,3680,5.31,12.4,37.2,1.63,1.63,1.268,125,5.38,3,5,2183
Cr,24,0,130,7.23,2945,7.18,83,0.666,1,342,21,6,2.88,4,8,0.488,93.9,206,122,1.66,9.77,397.48,602,0.1313053,709,51.9961,51,12,57,55,6,51.9961,5,1,0,0,5,0,6,2944,4.1,11.6,42.2,6.7665,1.66,0.371,127,,6,6,2180
Mn,25,0,135,7.39,2235,7.21,68,,2,221,13.4,7,8.89,4,8,0.477,,205,119,1.55,10.34,283.3,552,0.1352844,635,54.938044,55,9,60,72,7,54.93804,5,2,0,0,5,0,5,2334,2.98,9.4,47.2,7.434,1.55,1.082,139,,5,7,1519
Fe,26,0,126,7.1,3023,7.874,62,0.151,2,340,13.8,8,2.87,4,8,0.443,80.4,204,116,1.83,10.64,415.5,482,0.1392532,548,55.845,59,4,61,71,8,55.845,6,2,0,0,4,0,4,3134,4.28,8.4,52.7,7.9024,1.83,0.522,125,,4,8,1811
Co,27,0,125,6.7,3143,8.9,55,0.66225646,2,389.1,15.48,9,2.51,4,8,0.456,100,200,111,1.88,10.86,426.7,408,0.1432363,461,58.933194,63,4,64,70,9,58.93319,7,2,0,0,3,0,3,3200,4.39,7.5,58.9,7.881,1.88,0.376,126,,3,9,1768
Ni,28,0,124,6.6,3005,8.902,49,1.156,2,378.6,17.61,10,3.52,4,8,0.443,90.9,197,110,1.91,11.13,430.1,373,0.1472068,393,58.6934,67,3,67,69,10,58.6934,8,2,0,0,2,0,2,3186,4.44,6.8,66.2,7.6398,1.91,0.167,121,,2,10,1728
Cu,29,0,128,7.1,2840,8.96,46.5,1.235,1,304.6,13.01,11,3.61,4,8,0.385,401,196,112,1.9,10.96,337.4,253,0.1511716,264,63.546,71,0.5,72,68,11,63.546,10,1,0,0,0,0,1,3200,3.49,6.15,75.1,7.7263,1.9,0.069,138,,1,11,1357.77
Zn,30,1.004,138,9.2,1180,7.133,38.67,,2,114.8,7.28,12,2.66,4,8,0.388,116,201,118,1.65,9.395,130.4,284,0.1551518,276,65.38,77,0.3,76,74,12,65.38,10,2,0,0,0,0,0,1180,1.35,5.816666667,10.1,1.65,1.65,0.088,131,,0,12,692.68
Ga,31,1.003,141,11.8,2676,5.91,50,0.43,3,270.3,5.59,13,4.51,4,7,0.372,28.1,187,124,1.81,10.39,271.96,498,0.1723773,456,69.723,83,3,81,79,13,69.723,10,2,0,1,0,0,5,2477,2.81,8.12,18.7,5.9993,1.81,0.094,126,,1,13,302.91
Ge,32,1.004,137,13.6,3103,5.323,40,1.232712,4,328,36.8,14,5.66,4,5,0.322,60.2,211,121,2.01,11.8,372,354,0.1895892,365,72.63,89,1,84,84,14,72.63,10,2,0,2,0,0,4,3093,3.85,5.84,29.2,7.8994,2.01,0.3,122,,2,14,1211.4
As,33,-2.489,139,13.1,876,5.73,30,0.804,5,32.4,,15,4.13,4,5,0.328,,185,121,2.18,13.08,302.5,246,0.2068208,260,74.921595,95,1,89,90,15,74.92159,10,2,0,3,0,0,3,887,2.96,4.31,41.7,9.7886,2.18,0.697,119,,3,15,1090
Se,34,-2.915,140,16.5,958.1,4.79,28.9,2.02067,6,59.7,5.23,16,4.36,4,1,,0.52,190,116,2.55,14.34,227.2,210,0.2240328,233,78.971,101,1,93,95,16,78.971,10,2,0,4,0,0,2,958,2.46,3.77,54.6,2.55,2.55,,116,,2,16,494
Br,35,-2.496,,23.5,331.9,3.12,21,3.3635882,7,29.56,10.57,17,6.67,4,6,,0.005,185,114,2.96,15.88,111.85,162,0.2412578,187,79.904,108,1,98,100,17,79.904,10,2,0,5,0,0,1,332,1.22,3.05,69,11.8138,2.96,,114,,1,17,265.8
Kr,36,0,,32.2,120.85,2.155,16.78,,8,9.05,,18,5.72,4,2,0.247,0.0095,202,117,,17.54,,130,0.2584813,136,83.798,115,0.02,4,4,18,83.798,10,2,0,6,0,0,0,119.78,0.116,2.4844,14.1,13.9996,3,,110,,0,18,115.79
Rb,37,-0.594,248,55.9,961,1.532,319.8,0.48592,1,75.8,2.2,1,5.59,5,3,0.36,58.2,303,210,0.82,4.177,80.9,4769,0.104686,4660,85.4678,4,0.3,9,9,1,85.4678,0,1,0,0,0,0,1,961,0.852,47.27,15.3,0.82,0.82,0.068,211,,1,1,312.46
Sr,38,0.945,215,33.7,1657,2.54,197.2,0.048,2,144,9.2,2,6.08,5,4,0.301,,249,185,0.95,5.695,164,3175,0.1185082,3230,87.62,8,0.2,15,15,2,87.62,0,2,0,0,0,0,0,1655,1.72,25.55,20.1,0.95,0.95,0,192,,0,2,1050
Y,39,2.108,178,19.8,3611,4.47,162,0.307,2,367,11.5,3,3.65,5,8,0.284,,232,163,1.22,6.631,424.7,,0.1216986,2600,88.90584,12,12,19,21,3,88.90584,1,2,0,0,9,0,9,3618,4.37,22.7,23.1,1.22,1.22,0.378,162,,1,3,1799
Zr,40,3.244,160,14.1,4650,6.506,112,0.426,2,567,19.2,4,3.23,5,8,0.281,22.7,223,154,1.33,7.808,610,,0.1248887,1360,91.224,44,13,49,49,4,91.224,2,2,0,0,8,0,8,4682,6.25,17.9,27.1,1.33,1.33,0.679,148,0.546,2,4,2128
Nb,41,5.841,146,10.8,5015,8.57,98,0.917406,1,680,26.8,5,3.3,5,8,0.268,53.7,218,147,1.6,8.34,733,,0.1280782,1140,92.90637,48,8,52,53,5,92.90637,4,1,0,0,6,0,7,5017,7.57,15.7,30.8,6.7588,1.6,1.222,137,9.5,5,5,2750
Mo,42,6.428,139,9.4,4885,10.22,87,0.748,1,590,28,6,3.15,5,8,0.251,,217,138,2.16,8.71,658.98,,0.1312672,1030,95.95,52,6,55,56,6,95.95,5,1,0,0,5,0,6,4912,6.82,12.8,35.5,7.0924,2.16,0.336,145,0.9,6,6,2896
Tc,43,0,136,8.5,5150,11.5,79,0.55,1,585,23.8,7,2.74,5,8,0.243,50.6,216,128,2.1,8.94,678,,0.1344592,939,97.90721,56,10,58,59,7,97.90721,5,2,0,0,5,0,5,4538,6.85,11.4,39.9,1.9,1.9,0.55,156,7.77,5,7,2430
Ru,44,0,134,8.3,4173,12.41,72,1.05,1,,25.5,8,2.7,5,8,0.238,117,213,125,2.2,9.1,650.6,,0.1376494,809,101.07,60,10,63,61,8,101.07,7,1,0,0,3,0,4,4423,6.74,9.6,43.2,2.2,2.2,0.201,126,0.51,4,8,2607
Rh,45,0,134,8.3,4000,12.41,66,1.137,1,494,21.8,9,3.8,5,8,0.244,150,210,125,2.28,9.259,556,,0.1408379,708,102.9055,64,10,66,63,9,102.9055,8,1,0,0,2,0,3,3968,5.75,8.6,47.3,7.4589,2.28,0.224,135,0.0003,3,9,2237
Pd,46,2.936,137,8.9,3413,12.02,26.14,0.562,1,372.4,17.24,10,3.89,5,8,0.244,71.8,210,120,2.2,9.402,376.6,,0.1440276,628,106.42,68,0.1,69,65,10,106.42,10,0,0,0,0,0,0,3236,3.89,4.8,50.9,8.3369,2.2,0.281,131,,0,10,1828.05
Ag,47,1.009,144,10.3,2485,10.5,55,1.302,1,254.1,11.95,11,4.09,5,8,0.237,429,211,128,1.93,11.05,284.9,,0.1472165,341,107.8682,72,8,71,67,11,107.8682,10,1,0,0,0,0,1,2435,2.95,6.99,58.3,1.93,1.93,0.059,153,,1,11,1234.93
Cd,48,1.046,154,13.1,1038,8.65,46,,2,59.1,6.11,12,2.98,5,8,0.232,96.9,218,136,1.69,8.995,111.8,,0.1504066,405,112.414,78,2,75,75,12,112.414,10,2,0,0,0,0,0,1040,1.16,7.32,10.7,8.9938,1.69,0.082,148,0.56,0,12,594.22
In,49,1.34,166,15.7,2353,7.31,65,0.3,3,225.1,3.24,13,4.59,5,7,0.234,81.8,193,142,1.78,9.793,243,779,0.16423,643,114.818,84,4,79,80,13,114.818,10,2,0,1,0,0,5,2345,2.52,9.65,16.9,5.7863,1.78,0.298,144,3.4035,1,13,429.75
Sn,50,1.238,162,16.3,2543,7.31,53,1.112067,4,296,7.07,14,5.82,5,7,0.222,66.8,217,140,1.96,10.79,301.2,659,0.178052,715,118.71,90,6,83,83,14,118.71,10,2,0,2,0,0,4,2875,3.14,7.06,23.9,1.96,1.96,,141,3.722,2,14,505.08
Sb,51,0.659,159,18.4,1908,6.691,43,1.046,5,195.2,20.08,15,4.51,5,5,0.205,24.43,206,140,2.05,11.74,264.4,492,0.1918774,504,121.76,96,2,88,91,15,121.76,10,2,0,3,0,0,3,1860,2.75,6.6,32.1,8.6083,2.05,0.448,138,3.5,3,15,903.78
Te,52,-1.812,160,20.5,1263,6.24,38,1.970876,6,49.8,17.91,16,4.45,5,5,0.201,14.3,206,136,2.1,12.76,196.6,445,0.2056992,471,127.6,102,4,92,94,16,127.6,10,2,0,4,0,0,2,1261,2.19,5.5,40.4,2.1,2.1,1.152,135,4,2,16,722.66
I,53,-2.579,,25.7,457.5,4.93,32.9,3.0590368,7,41.95,15.52,17,7.72,5,6,,,198,133,2.66,13.95,106.757,385,0.2195176,389,126.90447,109,1.3,97,99,17,126.90447,10,2,0,5,0,0,1,457.3,1.11,5.025,48.9,10.4512,2.66,,133,,1,17,386.85
Xe,54,0,,42.9,166.1,3.52,27.32,-0.056,8,12.65,,18,6.2,5,2,0.158,0.0057,216,131,2.6,15.27,,,0.2333511,302,131.293,116,0.2,5,5,18,131.293,10,2,0,6,0,0,0,165,0.16,4.044,67.5,2.6,2.6,,130,,0,18,161.3
Cs,55,0,267,70,951.6,1.873,400.9,0.471626,1,68.3,2.09,1,6.05,6,3,0.241,35.9,343,232,0.79,3.898,76.5,,0.1542125,6660,132.905452,5,0.7,8,8,1,132.90545,0,1,0,0,0,0,1,944,0.804,59.42,12.1,3.8939,0.79,,225,1.5,1,1,301.59
Ba,56,0.879,222,39,1910,3.5,272,0.14462,2,142,7.66,2,5.02,6,4,0.192,,268,196,0.89,5.211,179.1,,0.1586786,5540,137.327,9,10,14,14,2,137.327,0,2,0,0,0,0,0,2143,1.9,39.7,14.8,5.2116,0.89,0.194,198,5,0,2,1000
La,57,2.397,187,22.5,3730,6.15,215,0.47,2,402,8.5,3,3.75,6,9,0.197,13.4,243,180,1.1,,431,,0.163142,3730,138.90547,13,20,33,32,3,138.90547,1,2,0,0,9,0,9,3737,4.47,31.1,16.8,5.5769,1.1,,169,6,1,3,1193
Ce,58,0,181,21,3699,6.757,205,0.65,2,398,5.2,,5.16,6,9,0.205,11.3,242,163,1.12,,420.1,,0.16761,3480,140.116,15,20,32,31,3,140.116,1,2,13,0,9,1,22,3633,4.32,29.6,0.1,5.5387,1.12,0.284,183,,1,4,1071
Pr,59,0,182,20.8,3785,6.773,216,0.962,2,331,11.3,,3.67,6,9,0.192,12.5,240,176,1.13,,356.9,,0.17208,3760,140.90766,17,20,31,30,3,140.90766,0,2,11,0,0,3,11,3563,3.7,28.2,2,5.473,1.13,0.056,182,,3,5,1204
Nd,60,0,182,20.6,3341,7.007,208,1.916,2,289,7.1,,3.66,6,9,0.205,,239,174,1.14,,326.9,,0.176539,3560,144.242,19,20,30,29,3,144.242,0,2,10,0,0,4,10,3373,3.4,31.4,1.5,5.525,1.14,0.01,181,,4,6,1294
Pm,61,0,,,3000,7.2,200,,2,,,,,6,9,0.185,17.9,238,173,,,,,0.1810032,3340,144.91276,21,20,29,28,3,144.91276,0,2,9,0,0,5,9,3273,3.23,30.1,120,5.582,1.13,0.009,181,,5,7,1373
Sm,62,0,181,19.9,2064,7.52,192,,2,165,8.9,,9,6,9,0.18,,236,172,1.17,,206.7,,0.185468,3130,150.36,23,20,28,27,3,150.36,0,2,8,0,0,6,8,2076,2.14,28.8,5.2,1.17,1.17,0.007,180,,6,8,1345
Eu,63,0,199,28.9,1870,5.243,184,0.864,2,176,,,4.61,6,9,0.176,13.9,235,168,,,177.4,,0.189935,2940,151.964,25,20,18,17,3,151.964,0,2,7,0,0,7,7,1800,1.86,27.7,,5.6703,1.2,0.006,199,,7,9,1095
Gd,64,0,179,19.9,3539,7.9,158,,2,398,,,3.64,6,9,0.23,,234,169,1.2,,397.5,,0.1944,2340,157.25,27,20,27,26,3,157.25,1,2,7,0,9,7,16,3523,4.14,23.5,8.6,6.1498,1.2,0.018,179,,8,10,1586
Tb,65,0,180,19.2,3296,8.229,170,1.165,2,389,,,3.6,6,9,0.183,11.1,233,168,,,388.7,,0.198863,2590,158.92535,29,20,26,25,3,158.92535,0,2,5,0,0,9,5,3503,4.05,25.5,2.4,1.1,1.1,0.011,176,,5,11,1629
Dy,66,0,180,19,2835,8.55,163,0.352,2,291,,,3.59,6,9,0.173,10.7,231,167,1.22,,290.4,,0.20333,2430,162.5,31,15,25,24,3,162.5,0,2,4,0,0,10,4,2840,3.04,24.5,4.3,5.9389,1.22,0.005,175,,4,12,1685
Ho,67,0,179,18.7,2968,8.795,156,,2,301,,,3.58,6,9,0.164,,230,166,1.23,,300.6,,0.207795,2280,164.93033,33,10,24,23,3,164.93033,0,2,3,0,0,11,3,2973,3.14,23.6,5.2,6.0215,1.23,0.004,174,,3,13,1747
Er,68,0,178,18.4,3136,9.06,150,,2,317,,,3.56,6,9,0.168,,229,165,1.24,,316.4,,0.212261,2150,167.259,35,10,23,22,3,167.259,0,2,2,0,0,12,2,3141,3.29,22.7,4.7,6.0177,1.24,0.004,173,,2,14,1770
Tm,69,0,177,18.1,2220,9.321,144,1.029,2,232,,,3.54,6,9,0.16,,227,164,1.25,,232.2,,0.2167244,2020,168.93422,37,15,22,20,3,168.93422,0,2,1,0,0,13,1,2223,2.42,21.8,4.6,1.25,1.25,0.001,173,,1,15,1818
Yb,70,0,194,24.8,1466,6.9654,139,-0.02,2,159,3.35,,5.49,6,9,0.145,,226,170,,,155.6,,0.22119,1910,173.045,39,6,17,18,3,173.054,0,2,0,0,0,14,0,1469,1.6,20.9,1.3,1.06,1.1,0.182,194,,0,16,1092
Lu,71,2.108,175,17.8,3668,9.8404,137,0.34,2,414,,,3.51,6,8,0.155,,224,162,1,6.455,427.6,,0.22565,2020,174.9668,41,7,21,19,3,174.9668,1,2,0,0,9,14,9,3675,4.43,21.9,7.5,5.4258,1.27,0.303,172,,1,17,1936
Hf,72,2.745,167,13.6,5470,13.31,103,0.014,2,575,25.1,4,3.2,6,8,0.146,23,223,152,1.3,6.83,618.4,,0.229987,1040,178.49,45,6,50,50,4,178.49,2,2,0,0,8,14,8,4876,6.44,16.2,14.2,6.825,1.3,0.617,150,0.12,2,18,2506
Ta,73,5.388,149,10.9,5698,16.654,74,0.322,2,758,24.7,5,3.31,6,8,0.14,57.5,222,146,1.5,7.93,782,,0.234581,887,180.94788,49,20,53,52,5,180.94788,3,2,0,0,7,14,7,5731,8.1,13.1,21.6,1.5,1.5,1.018,138,4.483,3,19,3290
W,74,6.106,141,9.53,5930,19.3,68,0.81626,2,824,35,6,3.16,6,8,0.133,173,218,137,1.7,8.67,851,,0.2390504,757,183.84,53,15,56,57,6,183.84,4,2,0,0,6,14,6,5828,8.9,11.1,31.4,2.36,2.36,0.173,146,0.012,4,20,3695
Re,75,5.653,137,8.85,5900,21.02,62,0.15,2,704,34,7,2.76,6,8,0.138,48,216,131,1.9,9.46,774,,0.2435164,663,186.207,57,3,59,58,7,186.207,5,2,0,0,5,14,5,5869,8.03,9.7,34.6,7.8335,1.9,0.265,159,1.4,5,21,3459
Os,76,0,135,8.43,5300,22.57,57,1.1,2,738,31.7,8,2.74,6,8,0.131,,216,129,2.2,9.78,787,,0.2479845,584,190.23,61,3,62,60,8,190.23,6,2,0,0,4,14,4,5285,8.17,8.5,44.5,8.4382,2.2,0.188,128,0.655,4,22,3306
Ir,77,0,136,8.54,4403,22.42,54,1.5638,2,604,27.61,9,3.84,6,8,0.133,147,213,122,2.2,9.96,669,,0.25106,522,192.217,65,7,65,62,9,192.217,7,2,0,0,3,14,3,4701,6.94,7.6,48,8.967,2.2,0.229,137,0.14,3,23,2739
Pt,78,2.021,139,9.1,4100,21.45,48,2.128,1,470,21.76,10,3.92,6,8,0.133,71.6,213,123,2.2,10.16,565.7,,0.25691,470,195.084,69,4,68,64,10,195.084,9,1,0,0,1,14,2,4098,5.84,6.5,51.7,8.9588,2.28,0.488,128,,2,24,2041.4
Au,79,1.353,146,10.2,3080,19.3,36,2.30863,1,340,12.68,11,4.08,6,8,0.129,318,214,124,2.4,11.33,368.2,,0.26137,427,196.966569,73,3,70,66,11,196.96657,10,1,0,0,0,14,1,3129,3.81,5.8,57.2,9.2255,2.54,0.109,144,,1,25,1337.33
Hg,80,1.3,157,14.8,629.73,13.546,33.91,,2,58.5,2.295,12,2.99,6,8,0.138,8.3,223,133,1.9,10.44,61.38,,0.169,268,200.592,79,0.34,74,76,12,200.592,10,2,0,0,0,14,0,629.73,0.67,5.36,7.8,10.4375,2,0.722,149,4.153,0,26,234.32
Tl,81,0.496,171,17.2,1730,11.85,50,0.377,3,162.4,4.31,13,3.46,6,7,0.128,46.1,196,144,1.8,,182.2,,0.173447,509,204.38,85,2,78,81,13,204.38,10,2,0,1,0,14,5,1746,1.88,7.55,12.5,1.62,1.62,1.167,148,2.39,1,27,577
Pb,82,1.122,175,18.3,2013,11.35,47,0.35674316,4,177.8,4.77,14,4.95,6,7,0.159,35.3,202,144,1.8,10.97,195.2,,0.177911,534,207.2,91,3,82,82,14,207.2,10,2,0,2,0,14,4,2022,2.03,6.995,18.1,7.4166,2.33,0.577,147,7.193,2,28,600.61
Bi,83,2.167,170,21.3,1883,9.747,48,0.942362,5,172,11,15,4.75,6,7,0.124,7.9,207,151,1.9,11.9,209.6,,0.182377,513,208.9804,97,4,87,92,15,208.9804,10,2,0,3,0,14,3,1837,2.18,0.4,23.8,7.2855,2.02,0.929,146,8,3,29,544.4
Po,84,0,176,22.7,1235,9.32,44,1.9,6,102.9,10,16,3.35,6,5,0.125,,197,145,2,13,,,0.186842,424,209,103,4,91,93,16,208.98243,10,2,0,4,0,14,2,1235,1.5,6.8,31,8.414,2,1.137,,,2,30,527
At,85,0,,,610,,42,2.8,7,,,17,,6,6,,,202,147,2.2,14.1,,,0.19131,351,210,110,4,96,98,17,209.98715,10,2,0,5,0,14,1,,,6,40,9.3175,2.2,,,,1,31,575
Rn,86,0,,,211.4,4.4,35,,8,18.1,,18,,6,2,0.094,0.0036,220,142,,15.4,,,0.195772,408,222,117,2,6,6,18,222.01758,10,2,0,6,0,14,0,211.3,0.202,5.3,26,10.7485,2.2,,145,,0,32,202
Fr,87,0,,,950,,317.8,0.486,1,,15,1,,7,3,,,348,223,0.7,,,,0.08731,,223,6,2.4,7,7,1,223.01974,0,1,0,0,0,0,1,,,47.85,15,4.0727,0.7,0.255,,,1,1,
Ra,88,0,,45,1413,5.5,246,0.1,2,113,9.6,2,,7,4,0.12,,283,201,0.9,,159,,0.09789,,226,10,4,13,13,2,226.02541,0,2,0,0,0,0,0,2010,1.66,38.3,19,5.2784,0.9,0.438,,,0,2,973
Ac,89,0,188,22.54,3470,,203,0.35,2,292.9,10.5,3,5.31,7,10,,,247,186,1.1,,406,,0.10033,,227,14,12,48,33,3,227.02775,1,2,0,0,9,0,9,3473,4.25,32.1,80,5.17,1.1,,,,1,3,1323
Th,90,3.441,180,19.8,5060,11.78,217,,2,513.7,16.11,,5.08,7,10,0.113,,245,175,1.3,,602,,0.10277,,232.0377,16,54,47,34,3,232.0377,2,2,0,0,8,0,8,5093,6.2,32.1,16.6,1.3,1.3,,180,,2,4,2023
Pa,91,0,161,15,4300,15.37,154,,2,481.2,16.7,,3.92,7,10,0.121,,243,169,1.5,,563,,0.12149,,231.03588,18,20,46,35,3,231.03588,1,2,12,0,9,2,21,4273,,25.4,94,5.89,1.5,0.183,161,,3,5,1845
U,92,7.979,138,12.5,4018,19.05,129,,2,417,12.6,,2.85,7,10,0.115,27.5,241,170,1.7,,533,,0.13207,,238.02891,20,17,45,36,3,238.02891,1,2,11,0,9,3,20,4200,5.55,24.9,16.8,1.38,1.38,0.039,139,,4,6,1408
Np,93,0,130,21.1,4175,20.25,151,,2,336,9.6,,4.72,7,10,,,239,171,1.3,,464.8,,0.14265,,237,22,20,44,37,3,237.04817,1,2,10,0,9,4,19,4273,4.73,24.8,18,6.2657,1.36,0.052,140,,5,7,917
Pu,94,0,151,,3505,19.84,132,,2,343.5,2.8,,,7,10,,,243,172,1.3,,345,,0.16137,,244,24,20,43,38,3,244.06421,0,2,8,0,0,6,8,3503,3.6,24.5,16,6.026,1.28,0.055,151,,6,8,913
Am,95,0,173,20.8,2880,13.67,131,,2,238.5,10,,,7,10,,,244,166,,,284,,0.17194,,243,26,25,42,39,3,243.06138,0,2,7,0,0,7,7,2284,2.73,23.3,16,5.9738,1.3,0.035,140,,7,9,1449
Cm,96,0,299,18.28,,13.51,144,,2,,,,,7,10,,,245,166,,,386,,0.17439,,247,28,25,41,40,3,247.07035,1,2,7,0,9,7,16,3383,3.99,23,16,5.9914,1.3,0.033,,,8,10,1618
Bk,97,0,297,,,13.25,125,,2,,,,,7,10,,,244,168,,,310,,0.19315,,247,30,25,40,41,3,247.07031,0,2,5,0,0,9,5,,,22.7,16,6.1979,1.3,0.053,,,5,11,1323
Cf,98,0,295,,,15.1,122,,2,,,,,7,10,,,245,168,,,196,,0.20369,,251,32,20,39,42,3,251.07959,0,2,4,0,0,10,4,,,20.5,17,6.2817,1.3,0.028,,,4,12,1173
Es,99,0,292,,1130,,118,,2,,,,,7,10,,,245,165,,,133,,0.21427,,252,34,20,38,43,3,252.083,0,2,3,0,0,11,3,,,19.7,17,6.42,1.3,0.018,,,4,13,1133
Fm,100,0,290,,,,113,,2,,,,,7,10,,,245,167,,,,,0.22485,,257,36,20,37,44,3,257.09511,0,2,2,0,0,12,2,,,23.8,17,6.5,1.3,0.021,,,2,14,1800
Md,101,0,287,,,,109,,2,,,,,7,10,,,246,173,,,,,0.23542,,258,38,20,36,45,3,258.09843,0,2,1,0,0,13,1,,,18.2,17,6.58,1.3,0.036,,,1,15,1100
No,102,0,285,,,,110,,2,,,,,7,10,,,246,176,,,,,0.246,,259,40,6,35,46,3,259.101,0,2,0,0,0,14,0,,,16.4,18,6.65,1.3,0.306,,,0,16,1100
Lr,103,0,282,,,,320,,3,,,,,7,8,,,246,161,,,,,0.24844,,262,42,20,34,47,3,,0,2,,1,,14,,,,,,,1.3,,,,,,1900
Rf,104,0,,,,,112,,,,,4,,7,8,,,,157,,,,,,,267,46,10,,,,,,,,,,,,,,,,,,,,,,,
Db,105,0,,,,,42,,,,,5,,7,8,,,,149,,,,,,,268,50,4,,,,,,,,,,,,,,,,,,,,,,,
Sg,106,0,,,,,40,,,,,6,,7,8,,,,143,,,,,,,271,54,4,,,,,,,,,,,,,,,,,,,,,,,
Bh,107,0,,,,,38,,,,,7,,7,8,,,,141,,,,,,,274,58,4,,,,,,,,,,,,,,,,,,,,,,,
Hs,108,0,,,,,36,,,,,8,,7,8,,,,134,,,,,,,269,62,4,,,,,,,,,,,,,,,,,,,,,,,
Mt,109,0,,,,,34,,,,,9,,7,8,,,,129,,,,,,,276,66,3,,,,,,,,,,,,,,,,,,,,,,,
Ds,110,0,,,,,32,,,,,10,,7,8,,,,128,,,,,,,281,70,3,,,,,,,,,,,,,,,,,,,,,,,
Rg,111,0,,,,,32,,,,,11,,7,8,,,,121,,,,,,,281,74,6,,,,,,,,,,,,,,,,,,,,,,,
Cn,112,0,,,,,28,,,,,12,,7,8,,,,122,,,,,,,285,80,2,,,,,,,,,,,,,,,,,,,,,,,
Nh,113,0,,,,,29,,,,,13,,7,7,,,,136,,,,,,,286,86,2,,,,,,,,,,,,,,,,,,,,,,,
Fl,114,0,,,,,31,,,,,14,,7,7,,,,143,,,,,,,289,92,4,,,,,,,,,,,,,,,,,,,,,,,
Mc,115,0,,,,,71,,,,,15,,7,7,,,,162,,,,,,,288,98,20,,,,,,,,,,,,,,,,,,,,,,,
Lv,116,0,,,,,,,,,,16,,7,7,,,,175,,,,,,,293,104,,,,,,,,,,,,,,,,,,,,,,,,
Ts,117,0,,,,,76,,,,,17,,7,6,,,,165,,,,,,,294,111,15,,,,,,,,,,,,,,,,,,,,,,,
Og,118,0,,,,,58,0.056,,,,18,,7,2,,,,157,,,,,,,294,118,6,,,,,,,,,,,,,,,,,,,,,,,
